V1,C1,V2,V3
169,S,122,242
95,S,134,149
188,N,277,218
105,L,105,135
184,B,129,250
177,R,162,136
290,F,234,111
286,Z,254,184
127,A,181,84
137,H,99,190
114,M,112,72
283,Q,269,286
136,J,272,206
249,U,56,61
165,O,188,126
169,C,203,132
224,A,210,169
58,F,289,273
229,L,160,138
288,S,201,149
132,N,26,30
291,M,175,199
130,V,291,14
266,H,134,141
62,M,261,251
131,O,21,175
174,N,178,253
7,B,119,200
150,W,213,130
6,Z,15,94
133,Z,188,38
295,U,185,49
277,D,193,172
210,M,212,170
104,R,34,141
17,V,54,173
215,N,6,27
68,R,80,98
11,Q,289,179
197,R,106,41
155,A,157,176
212,O,53,53
280,L,149,6
97,B,298,49
215,X,51,172
292,A,36,76
74,R,207,63
70,F,130,297
234,N,16,92
128,G,105,97
29,G,91,245
49,J,92,17
274,L,53,153
293,U,279,52
81,C,117,119
25,W,47,109
85,Y,271,271
175,Y,19,213
70,H,282,50
93,T,219,72
138,P,273,49
75,J,107,0
238,N,299,19
54,C,96,63
103,S,0,166
285,Z,157,26
87,J,143,69
132,F,196,154
14,I,202,221
226,X,38,256
91,Y,118,176
64,L,65,117
268,M,78,66
264,F,287,132
91,O,151,232
135,V,31,109
249,J,266,32
17,N,3,299
165,M,11,46
260,G,15,63
74,R,259,66
11,L,136,145
215,R,174,70
146,G,144,200
297,H,286,208
161,F,9,112
222,H,42,230
99,G,149,70
156,L,206,266
154,A,113,298
198,H,2,166
107,V,5,74
198,B,258,299
100,U,285,27
15,Z,284,124
8,I,73,93
209,V,122,261
283,J,290,159
266,P,12,185
299,X,97,226
110,R,236,171
20,U,136,237
85,C,28,287
298,X,251,283
222,H,240,245
79,Z,228,86
160,X,133,72
22,V,210,130
155,O,171,97
106,O,147,94
268,Z,99,221
83,L,97,100
291,D,65,75
26,X,283,102
99,S,126,134
224,L,282,190
136,B,157,229
91,L,192,58
103,X,291,102
274,V,107,10
99,M,242,175
210,O,126,46
75,C,164,151
177,E,260,199
288,R,170,86
49,U,22,141
225,D,137,31
126,A,17,111
173,Z,265,97
186,V,242,249
140,R,234,10
247,H,81,119
61,R,150,293
276,R,62,279
90,S,33,204
70,W,239,221
137,Z,111,109
285,M,268,36
44,K,213,158
39,R,297,250
6,S,277,96
267,B,152,184
118,X,207,15
286,P,28,187
294,E,136,16
140,W,108,108
79,F,101,192
49,H,9,187
176,Z,235,106
107,T,246,62
143,P,20,9
109,L,184,33
44,K,267,223
217,A,155,29
144,P,123,81
113,B,257,92
8,F,14,70
209,X,176,33
46,K,1,278
23,A,112,3
120,Y,96,266
176,O,163,222
30,A,284,190
151,M,112,188
73,G,132,18
0,S,297,29
277,V,151,195
118,B,59,12
1,J,83,169
40,I,206,21
147,W,160,255
191,Y,24,98
286,I,29,230
44,U,177,191
52,Y,29,77
239,E,7,281
137,I,52,155
285,B,176,85
121,K,240,96
197,Z,124,239
85,Z,98,132
151,B,131,96
88,Q,244,175
255,Z,247,287
94,G,90,170
271,V,254,65
6,T,275,57
207,V,220,68
18,M,140,158
141,A,272,16
234,Y,25,15
196,W,164,34
190,F,34,284
20,M,196,216
170,A,293,83
185,A,121,224
65,C,191,156
155,K,233,4
110,W,212,227
235,S,114,284
49,T,124,215
181,T,233,193
122,L,250,120
29,Y,263,276
86,J,225,259
217,G,48,12
213,E,155,171
149,J,215,40
159,P,143,8
256,J,152,43
222,X,220,55
193,W,276,196
208,I,189,269
288,W,298,288
14,G,91,135
253,N,225,140
200,U,193,96
128,A,226,298
284,K,196,11
167,C,195,202
151,J,70,123
150,O,188,85
160,R,156,5
101,X,31,55
17,J,50,93
74,J,141,194
201,S,285,282
238,U,245,240
63,Q,188,192
296,Z,219,184
3,H,57,88
52,B,122,204
134,Z,54,183
62,A,221,237
10,S,219,165
13,S,186,109
52,A,63,79
148,G,127,164
56,M,78,188
96,O,157,124
185,L,37,216
255,Y,245,104
142,X,146,189
92,I,89,177
182,H,194,8
232,I,108,200
107,K,72,146
105,M,118,226
22,H,164,13
254,Y,13,123
161,J,118,84
139,Z,158,280
128,A,27,149
247,X,83,294
99,T,113,187
93,C,43,231
186,M,216,290
240,A,281,202
285,K,104,4
53,U,180,231
100,S,58,213
92,U,264,29
17,A,125,166
185,J,157,246
9,X,201,173
230,G,269,270
185,Z,252,39
132,X,93,93
8,K,201,216
223,S,63,206
87,A,222,17
217,J,292,171
162,P,279,22
238,C,44,193
128,G,136,36
3,N,55,12
159,E,138,95
80,F,127,158
294,U,50,99
188,O,67,98
224,V,41,19
89,S,288,202
143,G,47,80
219,T,73,10
255,W,157,26
197,I,216,134
115,J,272,242
254,R,272,111
160,J,233,28
105,M,193,87
166,T,193,140
83,R,223,209
16,I,183,299
101,Y,134,24
263,L,255,285
263,X,210,84
235,D,255,260
33,X,99,275
285,Q,242,114
253,Z,259,174
151,O,65,166
46,Q,199,10
79,S,109,210
54,U,275,53
3,A,18,46
3,C,222,278
185,K,230,103
176,K,221,250
51,H,281,124
167,U,39,119
37,G,186,218
2,J,5,289
286,E,71,283
202,X,193,179
213,Z,193,172
244,G,91,138
171,R,134,99
282,W,47,11
300,A,161,40
81,W,58,193
213,B,212,175
31,M,20,141
115,V,2,270
57,L,2,171
231,O,22,67
186,U,30,35
118,K,4,130
214,X,16,140
185,K,246,123
195,O,198,207
200,F,139,156
34,M,201,88
57,O,42,135
120,J,274,10
35,T,194,298
175,O,51,145
19,U,269,146
160,F,111,174
95,N,150,144
166,Z,188,271
72,Q,285,293
196,R,111,106
50,B,186,9
299,O,171,43
286,J,177,56
247,K,64,60
44,U,71,154
256,J,89,60
2,X,104,16
46,S,236,79
24,X,287,281
194,M,51,208
291,Z,240,124
146,S,82,61
189,V,158,263
84,X,70,100
65,F,214,69
289,I,229,149
256,Z,124,51
291,P,235,67
237,L,191,185
291,S,172,9
52,Z,221,197
289,J,107,183
227,Z,273,149
144,H,65,35
110,K,19,211
2,K,88,12
230,M,290,151
224,R,85,235
53,Y,64,225
201,X,268,39
112,K,67,138
42,X,300,278
136,E,117,277
25,U,185,189
62,R,168,119
46,Z,268,129
119,U,97,90
100,Q,160,181
293,J,292,180
82,V,145,249
114,I,143,120
28,K,272,216
274,K,128,122
260,G,57,97
47,R,39,192
257,E,158,108
253,N,5,58
115,I,214,127
73,D,153,256
272,Q,148,93
39,Q,242,231
21,J,141,5
103,V,298,105
1,B,298,32
89,B,10,103
279,L,136,120
138,X,16,280
203,J,219,45
175,N,142,23
76,N,68,133
5,X,186,293
253,A,81,244
95,U,199,249
265,Q,248,95
226,J,175,21
300,R,243,15
277,X,232,65
121,Q,287,209
288,A,7,210
251,I,274,253
10,A,15,205
162,C,149,284
263,B,54,232
184,G,61,89
242,U,108,68
226,Z,286,192
183,K,114,281
152,W,125,19
170,N,54,51
65,D,194,229
101,A,146,157
127,A,279,176
300,Z,234,75
275,V,276,67
31,Q,135,298
142,S,27,174
190,J,154,254
113,L,196,229
46,W,236,12
221,H,216,214
24,H,35,3
244,S,60,235
43,G,95,199
299,N,28,188
152,H,269,219
139,E,28,235
153,R,166,35
65,L,50,120
149,G,74,150
142,O,15,187
178,Z,297,259
74,U,219,226
234,L,124,98
132,Y,292,135
141,E,89,34
178,K,79,181
285,J,88,61
209,T,260,173
118,C,7,262
230,E,28,107
33,G,158,2
23,H,13,15
13,Q,277,142
173,Y,261,227
172,Q,222,25
130,Q,48,81
198,H,282,273
67,M,241,106
130,E,260,192
261,F,41,61
104,U,134,103
230,S,65,274
256,P,193,296
81,G,219,72
282,O,72,122
41,N,41,196
40,B,128,291
171,V,76,299
227,V,57,128
273,N,140,140
175,I,229,191
28,C,138,74
164,K,33,129
65,S,77,99
9,S,189,126
106,F,235,214
229,M,103,60
179,H,262,165
192,E,28,287
261,M,150,177
51,J,130,42
242,I,121,132
42,C,218,122
36,R,14,253
108,U,50,268
201,B,291,202
238,Z,269,158
13,F,23,123
232,T,149,290
49,P,222,3
233,T,102,116
124,L,135,257
108,I,214,5
135,A,110,76
58,P,221,267
259,L,30,295
91,N,222,256
232,Q,116,104
125,B,73,228
15,B,34,14
268,X,161,24
78,E,139,102
47,R,299,299
22,V,272,49
264,G,49,291
208,U,11,221
39,C,147,115
215,M,193,4
97,E,257,72
200,C,151,25
43,F,220,228
278,P,41,83
272,J,30,285
53,H,132,193
195,T,141,252
278,Q,214,102
178,U,299,49
166,G,224,36
153,V,88,213
17,R,98,58
121,D,155,241
101,Z,108,51
99,S,120,177
16,I,123,148
22,Q,129,65
112,X,221,164
246,A,186,157
66,V,298,275
167,S,282,6
175,T,231,59
166,C,128,251
256,X,81,83
225,U,210,139
133,B,244,296
207,F,57,39
21,C,251,299
56,O,50,182
62,L,194,24
181,G,52,182
245,N,110,300
10,H,126,205
78,S,146,132
130,X,278,153
7,Z,59,87
298,G,130,135
277,M,96,109
167,T,222,189
165,R,98,234
174,C,203,3
164,P,41,85
65,P,41,234
236,Y,276,166
185,D,126,6
156,M,245,135
78,R,282,192
275,Z,127,149
249,U,267,181
230,G,173,67
75,U,19,264
109,J,97,125
146,L,225,165
253,G,147,10
165,R,264,172
89,R,13,116
205,A,16,251
31,S,33,224
273,T,256,120
98,Z,71,171
294,G,140,63
94,C,62,264
289,L,2,266
283,E,135,119
297,T,205,5
128,J,45,32
129,Z,54,290
24,I,198,213
238,J,265,179
163,C,120,108
249,U,107,253
172,Q,223,18
5,W,274,184
298,K,295,143
269,J,153,220
191,Y,99,282
182,X,152,127
264,C,278,91
147,H,141,176
187,Y,246,242
179,H,52,184
172,K,216,270
271,X,225,184
164,E,24,155
102,F,244,249
79,M,86,280
170,M,83,257
252,K,143,107
166,U,251,76
27,H,230,138
155,K,153,132
36,L,11,217
155,A,122,102
198,A,42,291
85,E,127,156
149,S,236,153
113,F,82,66
193,K,152,88
164,E,297,106
190,P,118,49
102,F,93,241
102,T,123,12
201,U,100,21
67,W,129,153
221,M,165,135
169,C,52,259
288,I,92,184
73,T,26,273
189,G,143,212
20,Y,171,38
213,J,54,92
254,C,135,221
181,A,171,236
258,Y,186,169
176,K,222,185
12,S,112,164
83,F,157,53
168,X,48,220
72,M,150,237
182,Y,44,148
284,X,286,2
262,N,28,53
277,E,149,94
182,Q,176,107
242,W,42,59
220,S,95,56
125,Y,129,48
146,V,157,275
296,N,125,208
300,F,276,230
205,I,31,128
266,M,43,158
18,L,132,185
42,L,223,284
106,X,29,246
206,C,46,187
50,M,88,3
247,X,58,268
67,N,184,231
11,F,230,165
74,T,262,89
83,U,57,126
9,Y,164,133
284,O,227,298
241,I,119,142
215,U,291,94
281,Q,14,4
70,M,193,12
116,R,292,107
240,T,206,191
117,O,105,76
262,M,59,91
167,A,217,258
69,C,39,249
226,M,163,96
149,L,111,73
262,T,156,159
166,J,245,170
30,K,27,3
4,Z,104,273
149,D,98,119
99,M,114,240
66,Y,121,237
125,Z,197,77
139,V,13,34
37,G,93,53
213,H,205,26
131,H,264,298
270,W,204,203
195,X,216,74
60,I,121,13
10,I,131,40
174,Y,158,291
76,M,199,201
143,T,274,34
219,H,45,93
287,J,35,35
54,L,102,166
135,F,122,134
129,F,33,183
45,U,26,194
10,K,179,299
41,V,232,40
220,B,141,78
45,F,137,86
207,E,113,174
183,Q,144,210
288,U,49,167
52,I,84,258
154,I,9,277
80,V,177,137
140,A,103,179
135,K,13,128
142,D,68,277
93,X,285,158
278,V,202,57
64,M,66,62
282,W,142,223
257,R,45,66
266,B,160,292
271,A,176,170
200,Q,6,182
112,T,294,65
230,F,105,187
252,V,112,63
198,D,74,55
144,G,295,272
78,Y,115,43
1,V,231,170
276,D,297,178
124,R,202,204
69,L,83,157
13,Q,184,239
184,M,284,34
207,M,188,102
17,W,54,98
119,D,118,224
35,M,88,112
159,A,262,147
31,U,23,36
212,F,45,115
148,L,214,65
148,U,270,212
19,Y,248,88
235,U,187,120
2,E,296,96
242,D,285,46
20,Q,123,4
93,T,124,51
70,N,235,216
229,J,178,23
196,Y,215,203
203,B,137,207
282,Q,203,69
57,I,251,255
128,X,175,101
277,M,271,267
143,W,222,60
70,O,232,27
83,A,254,250
58,A,87,12
31,H,145,186
79,B,10,186
255,O,69,296
69,D,290,280
214,A,18,187
162,D,22,16
136,C,98,63
174,E,108,264
288,R,138,260
191,P,289,22
183,W,27,276
57,H,286,39
141,I,103,200
283,L,52,215
71,D,191,55
128,Z,223,209
20,Y,207,180
33,Y,89,212
183,U,92,295
35,I,51,255
207,J,34,248
148,F,196,62
257,R,221,13
187,X,29,81
108,W,284,106
208,H,118,250
173,R,131,199
300,S,298,224
291,W,240,58
199,E,8,75
0,X,88,281
286,F,212,80
167,Y,171,228
191,A,132,192
153,Z,224,95
25,P,298,110
209,Z,70,80
213,I,251,44
173,R,138,145
41,V,123,296
265,W,250,246
5,O,24,106
68,T,40,67
248,T,255,117
240,Z,204,111
128,I,238,118
248,N,80,33
201,U,246,219
237,L,88,42
253,K,272,284
268,O,255,240
83,O,203,247
292,Y,174,211
137,T,181,154
46,L,31,217
250,D,150,40
157,C,29,76
52,V,269,184
25,S,105,148
235,O,143,257
279,J,85,53
193,S,54,73
221,D,83,5
62,A,53,40
23,Y,297,183
27,K,155,95
268,D,43,268
294,Z,174,116
209,Z,264,46
145,I,198,86
18,M,108,158
108,C,223,154
242,K,74,171
34,M,49,195
137,R,90,198
81,K,3,107
151,R,79,267
286,B,113,135
36,W,118,166
75,T,104,262
144,J,106,76
217,H,145,288
24,L,269,109
105,P,277,251
284,X,21,103
38,U,125,150
255,U,84,9
116,B,5,260
153,M,25,99
129,Q,177,102
2,C,63,294
184,Q,36,95
226,G,196,237
135,Q,83,96
59,C,47,25
285,D,91,17
93,C,147,110
50,D,32,146
157,G,197,206
20,X,229,249
127,L,65,238
66,R,289,222
158,N,103,255
257,X,4,23
115,Q,286,94
122,Y,39,48
265,V,33,170
42,H,91,248
55,N,294,32
109,C,179,264
142,S,273,219
246,J,281,282
88,Y,257,282
173,S,133,53
65,F,165,187
30,G,148,183
154,Z,227,73
130,L,237,146
41,C,16,234
26,V,30,227
148,U,233,33
197,P,214,284
167,G,277,85
109,C,189,102
190,W,7,6
143,D,140,36
79,A,228,204
159,H,247,225
78,S,102,207
230,S,128,229
43,H,172,161
34,X,93,267
210,W,61,1
87,U,128,25
37,M,232,85
96,Z,143,291
226,D,49,249
87,P,292,32
285,H,126,146
224,V,191,201
254,C,16,163
199,W,27,176
81,G,212,244
38,I,65,45
56,R,247,97
105,K,214,174
111,X,20,253
167,J,23,91
120,B,132,268
16,F,241,218
167,O,28,19
271,C,56,266
219,C,106,191
81,T,152,201
250,Y,37,73
19,K,73,193
144,J,202,291
187,O,211,15
138,G,61,179
80,Q,37,176
50,R,182,150
226,G,7,14
113,U,146,261
185,E,150,113
152,N,173,168
168,I,128,80
290,P,49,125
254,C,42,73
49,B,43,162
286,K,222,280
169,Y,218,66
102,T,167,84
124,M,130,111
191,T,35,176
12,F,91,259
282,T,170,296
217,W,283,15
194,N,257,161
168,G,82,69
95,E,104,95
268,H,45,66
286,Z,275,144
72,E,189,64
295,Q,260,282
22,U,5,94
223,D,206,220
202,A,209,42
115,Z,151,110
114,N,160,4
256,S,120,42
276,C,105,230
273,T,144,251
2,O,74,248
115,S,130,221
87,K,76,120
123,T,56,70
159,Y,92,67
10,L,167,104
243,O,261,192
76,U,266,26
155,U,255,274
229,R,86,171
35,X,188,197
240,P,242,50
19,V,262,197
78,R,229,282
195,S,46,240
286,C,163,39
283,A,49,93
106,O,208,2
284,T,214,277
159,F,93,2
70,B,85,140
133,G,102,94
286,K,222,119
1,G,254,92
277,R,167,284
88,M,36,239
14,W,263,80
281,T,280,72
39,C,186,54
32,Z,223,166
269,W,91,208
96,Q,238,212
194,N,184,10
115,W,123,232
29,O,271,10
151,G,112,181
143,S,273,227
109,A,78,177
3,B,86,117
251,S,258,197
122,R,227,38
225,W,130,210
256,E,129,67
4,N,1,156
256,F,87,183
289,Y,119,135
46,E,27,36
94,M,35,1
95,X,179,240
58,A,44,211
114,M,168,251
53,P,241,268
46,D,38,64
39,K,81,205
61,O,166,49
48,D,127,54
229,Z,58,270
121,E,273,32
254,C,13,157
236,L,89,237
195,C,229,93
9,H,290,266
171,O,153,125
124,Q,213,296
46,A,161,165
179,S,45,4
81,E,287,133
248,Y,244,47
41,H,138,186
233,X,280,130
76,L,160,65
80,N,45,221
187,T,284,30
177,R,148,113
240,N,252,275
72,D,44,208
59,W,49,255
233,W,291,162
102,M,29,295
51,H,253,214
69,F,77,67
55,T,84,241
120,L,211,16
80,N,97,116
204,G,80,181
89,O,141,95
104,S,251,170
150,E,300,29
220,I,113,221
13,T,107,169
171,D,165,161
1,F,239,174
268,P,240,226
41,G,6,266
256,J,82,237
170,A,178,191
228,D,97,39
49,P,186,294
42,B,261,36
48,Q,57,172
80,V,240,127
264,Q,175,255
198,K,177,230
203,U,195,279
252,V,252,122
168,F,184,167
203,M,263,220
46,H,189,168
99,K,181,154
275,W,126,150
178,H,156,71
118,Q,128,108
97,V,194,13
166,J,217,262
225,Z,228,71
6,W,247,181
236,X,292,265
103,Y,156,45
89,X,86,201
22,I,28,58
212,E,183,40
195,C,194,115
4,U,29,84
38,Q,117,222
69,C,267,0
6,X,246,26
209,N,49,118
208,V,80,19
187,R,259,252
151,G,102,255
197,M,128,262
286,R,2,57
284,A,236,66
104,T,222,238
155,N,149,15
68,U,164,233
229,P,126,57
282,Z,127,251
50,W,259,116
241,X,47,187
171,R,171,226
112,B,100,252
2,O,44,271
174,B,141,152
70,P,25,63
40,F,256,148
224,S,66,42
188,B,221,248
92,A,287,96
249,B,106,155
164,W,209,35
173,T,249,266
205,V,158,234
40,J,8,100
32,G,196,30
213,Z,253,217
102,K,241,273
231,R,35,17
90,O,243,89
247,A,87,150
147,E,68,47
239,M,56,113
128,E,17,145
55,W,159,248
172,I,143,215
179,X,264,200
173,L,158,284
86,O,199,124
71,J,74,229
263,E,14,117
190,O,286,226
260,Q,91,254
249,X,34,105
193,G,83,44
210,H,284,29
128,M,176,199
277,N,209,71
38,F,1,179
142,L,213,257
238,J,85,24
224,Z,146,278
26,T,275,225
131,L,4,19
86,Z,29,111
267,P,170,212
292,T,49,130
286,A,199,17
278,A,42,202
250,N,195,229
167,D,256,260
130,O,115,189
184,I,122,185
103,U,145,281
298,Z,235,211
146,E,200,161
35,Z,98,256
8,Q,273,0
180,Y,288,128
145,X,221,88
140,A,147,61
12,P,156,162
188,N,255,81
26,Q,240,3
137,B,169,79
35,L,102,222
183,M,80,282
244,Q,179,222
296,Z,37,33
133,D,240,246
193,N,163,70
268,K,273,174
72,A,220,227
243,H,88,219
98,Z,80,168
261,K,262,216
79,Y,36,68
291,S,249,76
62,A,36,53
34,C,262,39
280,O,201,195
134,X,56,35
219,Q,41,275
28,O,261,40
111,L,297,281
49,S,6,59
125,B,162,282
24,H,227,137
275,P,297,5
178,V,27,156
134,D,94,291
102,G,196,191
95,R,79,185
93,V,171,165
262,B,258,7
71,K,266,265
162,H,253,221
108,D,33,15
56,M,132,136
1,K,171,127
108,T,101,190
179,A,8,169
151,Z,60,124
207,Z,294,185
152,H,276,175
257,N,147,74
156,C,287,48
290,Q,221,300
215,S,283,117
188,T,156,13
111,S,25,132
251,S,202,17
256,D,171,179
250,B,271,135
111,O,62,192
147,S,277,15
84,E,220,175
43,V,238,287
295,T,216,2
20,V,169,77
143,Z,135,94
31,O,255,194
210,H,289,0
190,X,192,235
241,C,32,116
191,G,29,176
55,G,255,231
254,W,129,60
168,P,147,77
35,O,158,186
95,Y,179,180
34,U,290,232
180,I,38,227
218,E,146,155
137,V,189,31
77,I,222,12
53,E,187,262
165,P,130,181
276,I,98,255
148,U,261,122
106,B,42,186
235,Q,17,275
182,R,147,153
224,O,112,46
298,U,226,134
222,F,245,34
229,B,20,27
64,Z,209,103
153,Q,125,266
278,V,200,285
252,I,137,219
7,D,103,103
264,K,238,169
229,I,288,130
106,N,239,216
289,I,270,79
78,X,43,255
237,V,28,261
1,A,219,2
70,P,150,199
257,W,151,82
103,Q,244,25
63,A,15,106
97,H,101,78
3,B,152,178
42,O,154,262
161,H,182,223
117,A,170,246
3,U,110,207
169,L,20,23
63,V,228,289
166,Q,268,6
232,J,250,198
61,U,91,0
93,I,119,179
241,T,6,225
207,X,234,167
299,E,168,153
154,Q,189,86
202,Z,51,167
148,G,103,249
110,P,72,235
261,O,289,113
201,S,246,281
141,X,51,207
151,B,186,107
163,Y,201,208
261,R,93,215
173,M,281,70
180,H,169,161
274,Z,158,81
165,J,101,219
219,Q,261,160
260,X,99,55
91,W,102,27
102,X,251,165
293,Y,191,110
243,W,294,300
186,G,60,252
179,J,270,34
186,Z,28,240
186,M,239,279
236,Q,195,171
86,H,190,173
111,Q,61,126
211,D,244,212
202,X,85,295
186,H,17,171
57,T,117,281
60,P,138,57
230,A,47,152
274,H,90,264
142,F,107,102
180,C,67,268
171,W,232,273
39,P,94,188
189,W,209,214
212,U,16,93
18,H,14,242
52,F,77,217
224,I,62,90
275,Z,178,88
118,E,19,15
232,Y,273,108
61,U,9,8
79,S,222,79
223,N,73,136
64,X,149,154
190,P,227,45
227,N,0,16
169,F,74,49
99,J,291,290
29,M,7,170
279,O,78,58
122,U,286,208
248,C,273,283
24,K,110,259
96,Q,238,45
39,E,265,112
118,J,287,285
24,N,59,109
121,I,160,35
288,T,172,47
82,D,159,2
178,M,110,147
121,A,185,131
51,M,300,296
108,I,251,167
197,W,142,149
161,R,141,150
166,J,296,107
34,I,25,130
196,U,158,297
101,C,159,72
201,A,297,35
270,P,35,197
15,W,169,7
146,C,104,105
155,Q,295,127
119,D,26,68
295,N,167,194
90,C,58,256
299,G,30,296
268,S,37,272
127,Q,49,71
87,R,225,151
97,A,134,33
54,X,85,296
98,G,145,133
116,K,105,215
292,Y,256,272
59,Y,250,7
177,Q,116,82
247,A,128,54
101,J,221,150
50,F,153,136
292,K,231,46
253,B,170,67
275,D,94,13
180,R,138,75
131,V,164,119
233,I,111,265
256,G,62,208
117,L,237,165
38,O,77,251
75,B,173,178
196,S,210,121
180,J,212,296
141,N,11,240
162,O,183,47
211,I,251,85
36,W,94,227
125,R,66,231
95,T,117,26
282,L,13,67
148,T,190,240
122,F,152,179
98,D,68,288
227,O,5,170
79,C,10,122
48,L,61,276
58,O,238,26
281,D,39,8
182,M,230,21
101,F,112,92
260,V,193,121
290,B,53,46
196,C,33,69
154,C,213,21
74,Z,7,222
82,X,206,207
110,D,298,37
188,H,114,284
87,Y,38,171
290,Z,270,28
101,V,171,115
140,Y,212,158
260,G,67,119
45,M,111,77
53,Y,298,120
216,G,148,168
9,D,227,9
248,O,79,226
148,Q,130,162
91,N,259,156
22,Y,154,51
60,W,210,106
121,J,77,288
54,J,63,92
194,W,10,192
259,A,7,33
257,N,143,247
212,M,212,29
115,C,26,166
238,G,179,286
203,I,293,161
121,L,108,243
268,B,122,125
45,D,178,40
250,I,106,262
60,P,123,43
144,N,204,68
163,N,95,90
22,V,44,113
40,Z,138,32
134,A,167,91
235,U,34,216
177,L,118,222
31,H,272,182
174,C,35,221
0,O,36,220
53,Y,261,162
261,J,83,56
244,S,30,82
274,V,128,109
249,S,92,169
270,Q,269,113
139,U,150,283
235,Y,232,118
120,R,251,102
257,T,45,51
35,K,132,287
75,K,90,268
92,K,296,49
112,P,130,282
298,E,185,38
126,P,11,52
294,V,11,218
51,I,292,84
86,P,198,186
138,Q,203,147
184,S,62,27
225,W,66,56
81,U,64,110
27,R,125,124
198,V,17,144
243,C,64,35
145,U,163,26
131,B,138,0
269,F,187,90
245,K,82,254
295,Y,264,296
141,K,101,174
70,R,243,117
251,G,20,252
253,B,47,204
134,Q,126,157
178,A,266,93
118,U,139,279
46,Y,251,92
122,Z,219,221
100,U,239,75
283,W,223,74
10,C,66,92
129,R,15,46
84,K,111,78
175,O,67,250
77,M,271,66
114,H,72,256
226,B,127,192
78,E,76,263
294,H,34,181
180,U,15,272
79,N,40,234
154,B,133,36
238,W,282,117
214,D,6,25
283,M,0,137
166,B,40,129
200,X,47,123
198,F,223,215
99,Q,44,41
253,O,200,27
67,V,218,171
63,Q,124,167
283,G,161,142
125,I,200,196
141,A,17,94
189,L,226,134
274,W,147,243
169,A,95,260
270,G,167,12
279,Y,295,244
264,V,213,34
110,I,246,29
134,D,214,69
105,U,182,55
154,R,152,103
42,X,131,208
182,F,27,15
229,P,204,171
152,E,245,217
190,R,240,46
132,N,66,297
124,X,274,248
52,U,102,0
180,P,26,98
241,D,38,269
5,M,129,227
281,B,242,77
130,N,147,65
166,Q,52,11
253,Z,142,109
70,W,227,230
21,E,196,130
208,L,269,265
66,X,186,197
45,J,204,4
28,J,262,210
244,Y,173,100
99,V,72,35
56,E,190,216
61,C,281,248
294,F,41,191
293,L,168,159
175,G,108,240
271,S,60,86
238,Y,205,239
222,D,266,35
207,G,42,43
263,L,214,136
41,W,40,191
166,F,263,104
139,Y,92,89
68,S,169,273
214,R,134,103
9,K,69,187
64,M,128,113
207,C,29,13
17,Z,145,169
127,L,286,89
76,G,263,162
260,N,111,232
185,P,102,254
234,W,39,10
262,A,241,274
247,Z,104,213
87,H,285,42
74,R,225,295
79,S,217,266
117,X,191,238
300,P,202,81
62,H,56,130
209,W,161,28
151,Q,182,80
279,W,285,199
22,R,110,121
4,Z,66,111
117,A,263,138
108,W,256,80
30,C,181,89
114,J,157,154
90,E,260,266
140,N,62,79
203,A,63,246
176,Z,116,202
176,P,34,8
121,P,7,237
238,G,4,52
42,P,272,175
210,J,66,128
282,V,266,92
153,J,84,266
280,O,227,282
6,E,44,123
34,H,171,138
192,W,248,25
286,R,74,180
281,F,134,164
125,E,210,30
60,E,282,121
292,Z,5,296
295,W,49,91
165,W,221,279
165,G,154,100
119,E,221,261
241,R,207,156
192,Z,42,27
153,S,46,137
73,L,178,265
120,Y,84,226
91,F,214,194
36,X,89,4
130,S,176,56
158,S,251,214
46,B,258,16
56,M,16,32
38,S,180,60
1,I,14,192
188,O,135,195
106,D,34,47
166,U,22,30
160,F,284,288
51,Z,293,159
122,G,125,286
255,X,141,42
258,X,296,123
114,Y,220,38
149,E,285,174
227,R,145,277
235,E,254,109
100,A,73,153
297,T,180,80
45,D,89,64
183,V,9,112
162,A,209,144
72,F,265,101
169,N,263,42
30,W,231,243
206,W,13,189
132,N,162,232
195,J,100,235
119,T,135,206
273,Z,144,182
168,B,194,50
81,U,245,97
220,Y,200,14
248,X,39,72
197,K,126,28
250,G,281,211
13,T,74,225
203,W,197,291
259,R,83,74
234,A,147,176
71,N,207,50
239,N,11,49
33,M,137,163
159,C,237,41
124,U,2,191
83,K,140,158
255,P,179,29
153,G,124,38
193,Y,151,37
19,P,110,90
129,U,28,83
160,E,81,237
1,H,170,172
221,B,219,265
258,I,143,212
202,M,26,277
47,O,80,213
87,X,38,114
195,X,253,56
211,P,26,91
117,V,290,233
37,F,0,0
178,T,113,122
54,K,30,141
218,K,104,43
269,N,266,285
115,O,50,149
296,X,178,108
264,F,189,179
204,O,288,84
111,X,200,51
132,G,57,128
242,B,165,124
228,I,118,252
164,C,223,249
217,E,131,218
198,M,286,15
189,S,114,217
204,Z,242,21
215,A,243,234
240,R,204,279
242,U,116,139
246,E,32,21
227,X,28,150
32,Z,199,38
120,L,175,147
240,O,268,125
136,K,79,155
150,D,46,256
42,V,216,155
282,X,213,136
89,V,133,205
36,E,171,109
273,Z,29,91
61,P,43,193
0,I,200,270
259,Q,15,156
14,T,246,279
161,V,6,58
169,X,30,14
47,H,98,255
235,C,34,58
205,K,257,270
80,Y,137,83
257,M,83,0
234,Y,88,178
209,C,240,15
102,O,13,224
271,C,111,131
3,M,191,32
163,E,171,293
73,A,24,113
58,E,150,179
64,G,168,118
192,E,38,131
127,G,285,39
105,Y,21,134
66,S,141,254
11,K,267,108
127,B,185,91
55,Q,26,291
120,U,148,78
75,U,99,126
26,R,51,2
237,W,178,266
140,D,177,193
6,Y,256,148
256,X,75,230
250,M,111,293
286,Z,286,291
25,Z,226,12
188,F,47,82
223,Q,291,50
3,A,269,173
145,Q,42,125
297,T,18,162
261,Y,147,190
173,D,80,226
110,B,233,154
237,A,299,292
73,K,156,82
295,D,30,2
116,N,115,184
33,N,91,215
176,E,241,224
177,D,257,136
161,V,245,260
155,K,154,262
232,S,87,291
290,Z,76,273
168,J,167,237
69,Z,170,126
255,P,138,239
97,D,137,32
130,U,260,221
174,O,103,172
279,N,146,37
112,P,276,62
146,I,152,128
220,V,61,83
61,E,297,68
114,B,142,296
126,J,64,135
3,G,205,230
55,T,142,208
158,T,91,254
250,Y,197,268
264,D,194,211
93,J,235,253
203,E,273,190
16,C,260,4
188,C,268,209
115,U,10,4
79,Y,67,176
262,W,193,70
254,I,185,80
256,I,55,222
253,Z,264,69
201,H,288,163
212,G,153,12
117,Q,102,95
228,Z,284,145
132,N,205,17
249,Z,131,104
69,F,236,128
36,V,177,131
195,R,148,266
137,O,92,223
291,Q,243,208
110,I,161,45
242,E,32,126
188,J,147,92
161,E,184,190
164,Z,274,221
115,R,57,128
208,U,163,207
12,P,58,0
89,V,228,241
55,K,214,259
219,H,192,232
164,I,56,286
257,N,114,288
82,B,9,63
223,R,26,34
101,F,209,69
158,W,95,4
235,O,210,36
111,J,125,129
268,P,37,121
267,N,158,19
259,I,14,49
68,N,194,79
252,E,155,117
247,Q,224,113
48,P,106,279
286,C,28,243
129,H,100,210
269,X,72,204
32,L,51,258
239,U,231,11
22,K,218,111
196,V,110,255
55,A,147,123
210,G,248,205
192,H,92,21
141,D,110,50
89,X,199,206
214,K,199,157
156,G,213,85
129,C,70,159
2,J,268,104
292,I,108,169
91,K,136,278
201,H,232,150
186,K,171,237
60,T,279,211
261,K,180,152
76,E,288,231
117,Q,39,299
269,D,297,202
263,F,94,140
64,Y,225,225
0,C,92,129
46,D,220,216
108,G,216,186
184,E,58,181
177,O,124,181
205,Q,53,267
203,C,84,116
51,I,174,275
212,C,264,231
66,W,35,149
172,U,152,104
160,O,86,139
211,O,84,37
161,K,148,280
242,M,154,77
257,M,178,42
202,U,200,115
178,U,116,100
266,I,230,171
85,P,229,31
172,O,1,21
288,H,53,104
255,X,73,171
63,T,274,68
90,X,47,75
290,X,137,133
275,X,209,249
121,O,265,42
122,Q,136,41
247,P,280,230
125,E,38,181
211,L,251,242
104,K,16,208
67,M,4,229
154,R,89,183
292,O,26,163
261,P,184,125
160,F,285,176
145,Y,159,182
240,H,220,208
285,J,72,8
200,V,253,147
285,N,71,232
183,G,80,248
150,O,140,221
129,C,24,276
171,M,215,98
25,P,74,110
204,S,14,76
101,Y,111,188
63,I,74,164
131,C,197,90
263,R,255,129
192,O,300,260
244,F,190,298
167,U,257,133
34,T,231,206
263,F,21,84
102,W,171,180
89,S,124,128
51,T,211,115
187,V,67,181
219,Z,121,12
115,B,225,180
87,U,267,23
23,E,174,139
23,B,198,241
81,P,86,63
53,H,68,55
114,R,117,115
61,O,232,19
205,A,221,263
57,S,2,277
127,Y,239,136
111,T,293,101
251,O,94,270
253,L,182,2
125,I,193,130
100,O,16,25
76,U,33,170
182,D,196,213
41,K,241,248
272,J,179,132
64,B,112,144
43,C,267,134
129,T,206,189
132,X,8,265
295,Q,271,269
230,P,275,222
234,C,247,98
152,K,196,206
256,R,104,189
298,F,140,236
149,L,207,58
90,A,175,277
249,R,203,290
75,Q,100,8
122,Y,283,115
52,D,142,140
31,Z,250,80
171,C,87,270
78,V,134,48
284,X,136,35
70,P,152,178
82,C,230,127
41,D,205,289
135,U,49,59
195,K,3,44
144,W,264,153
63,M,53,294
273,A,141,30
193,H,187,66
6,R,263,279
33,E,140,35
208,X,251,70
204,U,50,166
288,I,35,169
173,D,131,73
60,R,242,52
131,F,199,195
57,Y,235,227
81,R,182,246
95,V,146,158
106,B,171,271
22,X,109,164
204,T,75,197
6,V,244,63
2,X,254,203
295,M,190,30
24,T,49,253
253,S,50,48
7,C,124,219
99,V,219,165
244,P,222,178
296,W,132,272
262,F,6,294
288,F,192,281
130,Y,152,78
72,M,135,290
38,G,124,59
212,M,59,223
235,S,18,45
114,D,182,244
160,A,206,75
92,O,167,120
97,G,294,49
186,S,246,182
206,A,211,163
99,U,146,278
177,J,255,246
39,T,38,42
288,F,103,73
74,H,165,50
35,A,159,45
151,N,33,223
114,N,146,117
50,P,129,58
74,N,277,201
260,V,167,159
35,I,214,17
9,P,115,154
209,M,294,93
241,D,168,212
156,I,240,186
192,I,35,242
295,I,183,59
294,S,279,257
97,C,282,180
216,A,123,62
144,W,128,211
155,R,204,170
188,U,13,176
251,V,245,232
67,G,257,264
157,L,185,24
199,H,172,44
15,D,202,167
164,A,34,237
29,B,78,181
252,X,285,107
2,C,57,18
84,A,248,247
130,O,273,117
50,K,162,248
98,Z,178,269
151,O,79,110
40,A,127,209
207,I,35,96
59,P,197,117
203,W,273,49
127,W,82,135
78,B,175,27
273,V,258,231
51,F,167,93
70,M,149,36
264,S,31,180
150,X,92,8
190,C,99,84
196,N,120,55
256,M,263,263
248,O,295,139
21,L,34,247
230,G,235,155
43,O,65,65
200,D,38,77
15,U,172,248
297,K,165,26
44,N,157,243
63,Z,222,22
283,V,253,109
85,Y,65,231
230,K,15,61
119,X,265,59
249,N,156,251
294,O,290,46
20,Y,245,238
216,O,114,38
103,E,35,6
171,S,102,94
61,B,38,29
123,Y,53,215
180,N,126,225
134,O,119,151
104,Z,242,72
56,S,45,278
188,Q,108,25
27,Z,229,239
223,X,84,248
93,U,95,264
176,Y,88,243
29,F,230,159
284,O,139,297
252,J,288,173
107,T,104,144
52,Y,91,146
159,L,245,160
4,R,125,181
12,W,17,117
129,V,276,115
97,X,300,137
274,Q,239,269
245,G,147,170
109,N,198,162
276,R,267,210
39,D,166,271
242,A,203,90
77,E,177,92
82,B,135,267
237,C,243,152
210,B,294,21
99,J,129,5
214,C,61,63
100,G,101,156
221,M,161,217
97,E,70,279
5,E,194,145
75,B,285,83
213,E,274,117
53,Q,283,86
47,U,76,245
243,E,146,249
61,P,185,257
139,J,104,274
26,G,243,299
44,H,90,246
7,Q,67,8
42,S,217,160
153,W,41,295
96,O,290,34
248,S,248,106
91,H,95,283
268,I,164,113
48,H,199,240
84,F,7,13
188,K,55,56
158,Y,85,181
48,Q,127,40
143,P,46,258
160,U,186,268
76,T,69,242
280,J,178,146
259,S,238,272
91,K,213,80
50,O,192,17
214,J,148,140
247,D,235,62
186,Q,49,18
81,A,98,78
200,K,237,266
21,A,203,132
300,E,289,15
261,Y,157,11
139,K,233,42
183,G,119,180
219,L,85,282
0,Y,197,104
220,V,232,201
39,S,207,237
24,G,239,282
240,P,239,124
160,M,216,207
34,C,166,220
267,C,103,26
218,A,14,263
144,T,259,46
104,B,166,275
159,S,29,262
89,I,108,102
120,U,224,20
147,R,58,183
64,B,133,238
88,I,135,70
34,Q,42,66
213,R,85,181
132,P,15,82
215,G,150,266
85,E,48,85
213,A,81,256
33,Z,241,186
5,D,127,72
69,R,85,258
59,A,44,113
108,W,175,44
169,P,220,227
102,Y,75,259
8,A,244,30
88,E,100,236
97,E,104,55
14,K,106,127
43,Q,285,212
178,Y,75,259
233,X,127,172
299,L,63,100
150,M,213,57
158,Q,126,83
61,T,271,224
300,S,125,47
68,F,271,10
124,W,273,173
47,N,32,252
192,I,23,294
67,G,23,299
188,C,114,8
89,L,71,237
281,M,121,258
179,A,210,122
143,R,78,153
51,X,253,299
290,K,73,216
239,D,265,177
166,A,114,45
28,A,210,36
138,A,159,297
217,Q,33,223
264,I,86,236
249,L,175,91
79,E,215,187
91,G,283,73
16,I,101,198
215,V,236,180
276,H,23,55
52,H,268,263
231,L,182,100
41,X,140,277
30,P,38,112
109,I,36,34
247,B,144,11
159,M,282,249
21,T,283,256
145,D,113,72
265,N,188,139
21,K,12,264
272,B,211,265
145,Z,110,164
274,W,75,66
245,J,12,183
1,U,60,5
123,Q,209,244
280,W,96,275
133,R,181,103
1,L,2,69
186,G,175,166
201,Z,200,101
249,Q,268,252
199,J,21,197
158,R,135,287
107,E,144,275
132,G,267,29
30,H,48,129
67,Z,38,3
41,Z,48,117
35,W,164,195
81,I,258,274
6,U,65,191
71,X,201,50
34,U,109,74
60,B,289,50
21,L,4,263
1,R,114,37
38,L,270,292
19,Z,102,112
284,X,300,92
299,U,174,252
85,F,133,42
137,N,15,192
78,W,186,55
61,U,122,98
154,T,231,61
260,U,296,151
88,Y,189,165
20,H,168,32
204,O,55,6
19,N,72,204
82,E,242,74
64,R,164,138
33,D,19,8
11,W,64,191
43,W,295,222
240,N,298,200
271,Y,71,81
134,K,239,232
281,A,78,258
81,K,223,32
43,N,232,202
143,E,213,277
19,Y,52,161
242,Z,54,267
298,G,17,43
150,C,299,182
79,Q,268,291
275,N,90,282
57,N,176,103
45,H,257,99
66,D,26,113
74,F,163,195
95,A,145,101
43,H,100,138
4,Z,241,102
130,J,122,149
201,H,48,66
254,B,175,235
38,M,51,218
22,I,127,22
286,G,118,234
7,W,150,77
286,X,262,130
167,K,120,219
261,H,133,162
3,C,128,231
33,L,102,20
153,Q,293,85
191,S,70,104
186,A,243,125
142,K,266,214
111,E,207,10
43,A,60,172
253,Q,114,135
227,E,56,286
17,Z,210,213
244,L,190,266
104,D,273,264
207,V,99,271
66,Q,123,96
52,F,195,164
56,F,107,57
282,N,82,56
179,R,240,273
255,M,187,97
79,R,84,166
166,W,157,258
149,H,34,244
219,N,80,255
288,S,77,168
178,O,107,44
203,Q,66,261
255,K,215,1
296,K,39,17
15,H,178,233
28,L,242,256
48,C,138,183
147,Q,213,256
127,O,300,39
200,E,296,271
124,I,37,55
97,L,76,138
121,D,68,118
69,I,258,156
58,A,79,274
252,X,231,228
22,I,20,42
226,L,56,7
119,O,148,154
246,V,279,40
254,J,30,240
299,E,131,157
259,F,214,76
158,M,296,268
148,H,13,66
282,L,273,109
131,E,259,296
128,D,166,268
282,R,250,41
132,Z,5,240
122,L,198,245
253,G,169,185
188,Y,232,165
135,Y,205,42
110,H,127,0
141,E,211,207
130,Y,207,283
31,F,207,31
140,K,77,45
27,U,295,110
263,U,29,236
60,L,276,181
109,Y,84,126
112,B,204,231
123,H,248,159
9,C,61,112
191,Y,42,141
39,H,222,144
60,S,294,69
43,L,182,114
232,R,172,143
137,N,121,18
91,J,274,7
171,C,64,292
290,K,182,95
228,M,142,66
217,O,234,209
271,Q,261,247
18,R,43,62
34,B,148,169
42,I,72,291
188,T,52,190
73,Q,187,34
229,C,224,180
115,B,199,30
267,H,133,194
205,Y,142,27
165,F,145,176
84,K,138,269
101,L,205,5
101,I,237,245
168,P,170,188
265,O,35,58
35,X,89,152
41,N,130,168
274,H,195,32
4,T,189,15
13,P,294,246
193,C,75,137
95,O,42,18
157,M,135,143
40,M,281,283
120,D,282,157
146,K,64,123
147,P,72,63
129,R,99,290
113,Z,228,292
128,G,105,131
276,K,241,63
162,I,235,38
70,Q,228,158
236,L,248,139
202,N,188,143
92,L,41,57
96,P,202,133
68,V,286,78
16,Z,64,288
18,Q,180,166
129,D,106,239
38,L,41,266
115,Q,65,56
102,K,156,67
276,N,265,259
181,Q,244,257
223,T,138,151
295,M,69,24
11,N,26,236
226,K,167,12
6,U,188,104
232,D,261,168
291,S,19,151
287,H,14,283
178,H,20,114
292,F,267,30
209,Z,166,12
23,Q,137,159
267,B,1,241
224,T,56,92
167,N,289,111
44,I,122,300
167,F,97,216
75,E,293,273
120,V,276,235
96,V,119,124
62,V,159,243
71,A,71,30
54,V,278,48
191,O,1,145
208,T,163,154
265,O,287,272
296,J,198,274
52,R,182,243
277,L,227,269
14,F,190,149
232,J,121,237
90,E,208,209
1,J,38,161
217,A,151,291
185,B,105,26
212,A,227,282
241,D,279,239
128,B,61,124
144,W,176,106
54,S,24,252
242,Q,173,160
43,G,87,142
299,D,271,111
14,P,264,162
140,L,194,182
190,O,149,86
51,I,261,7
34,F,134,223
124,O,219,191
49,F,161,246
118,S,42,3
121,I,247,30
136,T,71,253
84,L,153,150
179,I,229,61
60,Q,185,48
110,W,138,237
166,P,300,58
247,C,3,230
202,N,271,249
110,S,284,255
265,K,192,57
231,T,199,82
79,A,158,106
25,R,190,38
144,J,53,211
127,B,226,96
246,D,261,119
2,M,46,233
56,L,253,45
197,C,50,298
225,S,30,102
171,K,142,165
127,O,231,161
27,R,256,213
195,V,106,228
276,C,102,44
280,P,277,67
160,K,137,74
155,V,138,283
67,J,157,12
119,O,231,222
106,O,250,99
114,B,138,212
37,Y,282,278
288,H,119,51
20,B,246,175
269,T,87,118
117,M,104,182
221,P,92,292
261,M,78,206
26,V,11,109
246,Y,228,170
13,G,186,222
289,E,0,287
174,R,159,18
298,J,121,99
165,H,65,40
160,Z,268,245
177,U,229,210
273,D,161,219
159,C,47,4
72,P,186,188
165,O,49,45
236,X,112,185
37,N,180,251
128,R,192,245
72,N,213,139
222,J,91,107
24,L,104,52
218,G,178,12
59,U,189,248
122,W,212,240
188,D,101,102
214,Q,105,142
139,I,251,239
213,X,134,118
70,P,265,61
7,I,229,113
124,G,46,143
59,W,29,214
139,F,169,149
295,X,244,160
266,X,227,129
288,E,139,51
50,F,162,274
176,A,97,166
50,B,95,175
274,G,210,282
192,A,94,223
142,Y,125,4
8,E,270,11
287,F,240,21
59,K,278,246
86,O,153,36
61,F,28,53
286,H,213,68
260,Q,284,152
90,J,6,253
255,F,160,287
256,A,184,158
230,E,1,293
167,Z,256,184
262,Y,219,11
157,D,263,80
185,I,281,182
299,L,14,98
268,X,262,36
184,Y,16,212
252,U,150,190
276,U,65,45
48,T,79,41
96,X,112,15
123,H,133,204
204,P,37,124
262,N,298,25
101,V,242,204
76,X,235,5
11,D,207,117
74,C,140,241
25,B,200,268
99,V,298,34
22,Z,272,3
219,V,239,299
142,R,126,149
234,I,248,61
78,E,243,74
39,V,154,90
135,A,38,238
281,K,124,263
109,G,47,189
39,G,200,61
271,Q,104,214
38,B,82,293
92,W,260,239
85,W,210,1
71,D,222,99
168,T,196,147
85,K,25,68
242,M,138,11
179,I,50,82
257,I,102,174
50,Q,284,174
105,C,38,127
220,B,202,107
103,P,107,269
87,L,132,35
109,R,89,15
16,A,184,279
214,W,297,242
199,Z,78,241
186,R,15,244
294,I,263,71
129,C,39,201
255,E,296,273
106,T,273,187
165,E,149,252
146,L,53,31
169,L,168,87
161,B,124,84
244,O,47,248
289,Q,217,148
261,I,199,119
133,Y,52,283
17,H,26,182
109,E,264,255
190,R,202,19
124,T,212,152
102,T,201,22
20,V,119,260
177,A,38,42
236,X,145,220
272,S,195,73
116,M,22,53
120,C,11,166
157,C,241,16
11,N,77,157
269,K,111,141
249,Q,61,234
67,L,247,201
50,F,262,176
178,T,187,206
54,S,223,114
203,K,171,95
52,V,207,214
202,D,278,254
52,G,22,20
135,K,289,202
60,X,206,101
94,O,170,56
228,N,66,125
237,G,157,192
255,S,153,256
225,S,18,133
157,E,172,126
184,C,243,213
248,L,78,40
155,B,168,258
24,R,207,39
13,S,35,192
173,B,221,40
102,L,93,280
49,J,132,187
77,Y,181,256
96,X,209,83
95,L,105,284
33,W,247,118
254,D,18,289
88,K,242,268
275,O,162,76
14,Z,268,165
170,N,294,7
244,U,287,261
44,J,31,202
179,T,141,82
8,G,152,98
255,Y,186,279
86,A,133,183
135,M,261,39
21,L,5,44
280,U,79,117
80,E,204,95
1,Z,230,290
81,G,281,13
292,K,187,17
99,P,186,219
292,G,106,1
249,A,107,296
300,H,208,211
102,U,128,211
231,O,189,38
275,K,193,184
63,W,116,154
56,A,186,153
145,N,60,232
228,Q,284,145
216,S,19,64
36,S,295,4
114,W,91,271
256,J,101,62
15,U,54,129
42,Z,124,202
258,E,94,9
161,B,129,217
100,K,12,110
284,L,70,125
114,C,244,62
291,B,191,38
237,Y,79,256
180,R,206,300
141,P,209,292
241,G,215,294
215,Q,41,62
294,O,209,245
276,O,229,228
194,I,93,2
140,B,72,6
127,P,53,62
57,K,179,75
104,R,260,252
213,U,46,3
11,Z,66,41
35,Q,158,260
108,C,226,116
188,D,282,122
192,I,0,108
22,J,88,176
124,E,125,11
296,C,188,254
284,D,157,254
131,N,0,226
261,T,203,204
265,L,200,89
178,B,241,205
244,N,167,86
0,O,151,250
59,R,221,149
230,X,274,178
35,P,291,153
57,Z,177,171
186,X,11,154
251,K,300,264
183,X,70,43
235,Z,56,228
25,P,68,18
209,U,168,286
154,N,191,55
184,W,296,182
38,J,41,177
236,J,254,214
58,R,216,12
242,L,288,155
254,F,116,124
60,Z,135,255
49,P,195,151
259,N,166,165
95,Y,68,212
206,D,52,3
231,C,263,30
236,M,96,294
296,B,74,257
191,Y,73,94
132,W,136,101
34,N,94,9
107,X,199,54
38,M,171,106
7,E,128,85
65,U,213,200
199,S,216,49
285,W,78,152
84,U,111,101
11,P,55,239
61,L,173,56
205,V,261,112
243,G,57,79
100,M,239,231
141,J,213,203
227,Y,80,34
67,T,182,247
226,T,254,242
69,M,201,209
238,N,130,216
246,J,143,255
243,F,150,203
64,Y,240,88
262,O,32,247
13,A,25,180
289,Y,42,83
57,P,139,132
150,R,202,78
149,F,44,177
260,E,294,183
197,D,47,210
66,A,271,26
168,U,266,58
64,I,198,280
80,I,230,293
240,Z,197,263
104,E,10,167
298,S,220,231
212,I,103,221
136,H,14,268
22,K,131,293
166,F,12,127
289,O,179,200
118,X,86,144
0,E,154,105
185,W,115,228
46,I,236,137
148,T,23,37
133,F,108,236
7,F,264,152
129,D,16,75
149,I,132,57
235,Z,233,176
118,L,176,117
216,Q,38,193
190,Q,27,202
26,A,296,294
163,G,231,200
157,O,262,109
167,J,287,84
1,B,147,129
142,Q,169,34
164,O,256,230
168,J,233,264
167,D,97,219
49,F,69,26
179,T,299,132
87,P,197,85
233,G,84,164
276,M,35,158
91,I,250,71
160,P,159,228
49,V,86,131
285,M,282,54
226,G,203,69
137,O,143,118
183,R,45,69
204,C,228,205
44,B,13,136
94,I,243,144
211,Y,182,87
247,D,15,277
172,S,255,195
205,B,118,68
134,K,254,97
206,B,128,266
189,Q,89,43
150,K,267,261
235,T,103,240
172,B,265,293
231,X,26,78
234,Z,89,294
92,S,109,27
12,W,100,254
240,Z,163,50
71,V,225,273
116,E,172,263
254,A,296,297
65,J,99,25
55,Z,269,285
3,E,56,25
178,F,33,171
159,D,231,220
10,L,182,65
297,S,22,77
233,C,202,154
235,F,164,128
272,H,96,89
273,W,129,201
278,Q,169,130
203,Y,113,157
66,I,54,185
144,Q,36,58
220,E,173,108
29,X,74,82
181,K,266,178
181,F,193,10
148,P,228,54
256,L,118,22
124,H,149,187
167,U,18,32
219,S,173,249
169,X,68,271
263,R,172,221
35,A,46,110
119,D,270,113
133,M,237,210
135,D,85,82
291,I,3,103
161,M,37,16
128,Y,53,5
210,F,49,178
56,Y,218,104
67,R,197,131
243,S,282,53
148,N,19,14
265,U,132,103
201,G,271,59
66,Q,85,184
73,Q,113,98
170,K,48,19
180,J,224,172
199,P,170,75
228,C,131,8
156,C,154,268
136,T,99,236
264,N,156,2
9,Z,21,160
60,G,15,221
290,B,299,225
163,P,266,6
117,J,244,145
236,P,177,168
90,A,157,120
130,D,74,273
66,W,55,111
106,T,84,100
72,U,186,134
20,I,103,60
48,M,69,197
151,J,224,39
70,I,129,295
298,J,200,166
232,Y,156,67
240,Z,298,284
28,K,227,169
242,H,274,299
225,I,32,292
266,U,129,24
186,M,182,291
150,J,115,254
261,N,183,109
82,P,159,111
134,S,55,1
231,T,129,59
24,A,73,236
134,R,27,119
189,L,132,22
27,F,198,78
126,C,180,29
172,B,61,67
138,F,156,205
215,R,105,35
97,Z,58,243
245,C,239,197
163,L,119,175
137,T,206,80
275,D,271,154
18,V,223,251
96,K,276,191
273,R,162,248
135,S,93,195
141,L,38,150
195,O,9,149
52,D,170,184
280,H,246,227
126,I,92,82
102,S,261,153
203,K,138,72
298,M,4,197
191,V,247,58
174,X,292,52
56,D,202,208
239,J,264,85
22,X,278,122
155,H,178,300
125,X,223,28
185,F,97,118
170,Q,43,170
60,R,271,206
10,V,12,149
144,U,221,254
289,C,249,264
51,I,239,79
151,T,103,282
22,C,182,247
214,L,58,218
81,Y,173,9
43,T,24,89
224,L,217,296
285,Q,276,143
38,T,163,208
128,Z,102,143
10,X,46,87
20,L,248,202
77,C,19,177
67,H,225,245
98,U,183,253
291,I,102,286
230,K,29,151
73,Z,253,189
123,P,29,88
297,W,116,83
238,P,50,92
169,O,25,101
177,M,185,208
242,X,88,275
157,P,270,17
241,G,46,283
207,H,217,33
186,W,183,9
222,T,69,136
297,Z,185,266
186,E,173,113
94,R,185,63
242,H,183,235
207,B,109,229
192,U,88,25
207,Z,199,129
87,C,152,200
256,R,14,148
166,M,166,278
162,G,46,297
166,X,1,288
254,F,185,166
163,A,73,236
110,A,196,85
138,U,251,291
163,C,152,233
67,G,244,17
122,S,129,18
249,M,159,268
54,T,90,137
168,Z,20,145
54,J,165,43
51,X,213,292
99,B,65,45
94,E,22,299
108,T,142,165
259,K,198,10
146,X,38,259
254,A,264,44
166,P,91,212
292,L,290,61
154,Q,66,23
136,J,212,200
300,A,274,248
189,X,26,228
157,H,139,72
44,D,284,278
257,A,80,49
276,D,94,138
49,X,270,219
232,X,282,46
227,P,37,213
126,A,55,57
93,H,170,295
255,N,246,172
10,H,289,299
297,S,47,96
107,H,85,207
205,L,51,289
261,P,15,98
197,I,238,3
289,D,58,265
286,N,134,40
148,U,300,166
0,W,241,286
5,N,163,39
191,J,34,145
88,S,219,220
238,H,170,188
242,J,287,295
99,I,192,187
259,T,194,121
293,U,147,279
233,O,182,63
146,W,253,200
34,I,72,213
106,N,52,235
224,B,41,214
20,F,102,27
213,K,299,228
68,R,74,35
49,I,6,239
213,T,266,153
77,C,76,39
200,B,97,114
210,G,131,261
247,U,21,203
145,H,288,146
34,Q,115,159
255,Y,240,153
73,Z,136,53
6,U,113,146
16,U,17,16
3,I,115,165
136,T,44,50
208,T,20,82
194,K,38,80
92,P,79,176
248,J,146,123
53,E,278,205
292,N,76,83
168,P,236,177
106,J,126,221
254,W,289,136
286,X,124,246
70,U,280,190
182,Z,144,74
75,P,252,211
270,X,270,86
8,O,245,254
211,D,92,77
227,H,55,147
30,T,7,81
171,S,17,225
98,Y,279,39
247,M,54,168
204,G,140,272
216,X,44,173
156,B,90,165
125,F,131,260
90,J,219,244
39,A,205,110
236,D,0,195
290,O,242,71
273,V,214,17
183,J,226,282
36,K,243,109
160,P,78,160
28,C,93,214
138,Q,255,60
46,D,131,271
212,L,178,118
197,S,166,6
116,Y,42,248
144,C,173,189
300,B,296,281
121,P,225,133
107,Z,105,236
276,I,163,41
287,F,257,15
147,Y,249,124
257,M,139,16
112,K,145,269
37,V,93,2
169,I,113,9
16,W,237,41
42,G,135,37
217,X,247,9
79,H,230,152
13,N,181,224
235,U,298,253
257,E,291,186
273,W,30,214
195,L,210,226
206,A,11,99
73,I,35,133
239,W,47,240
254,S,111,38
172,V,166,224
277,K,274,17
23,B,153,25
110,A,21,235
16,L,284,98
58,O,2,94
215,S,253,69
189,Z,290,243
2,H,112,267
56,T,232,71
144,E,272,285
163,J,156,229
289,Q,235,66
127,L,260,250
298,Z,98,262
102,K,253,274
77,B,131,193
239,I,255,199
78,T,122,179
22,G,201,168
269,V,247,170
242,L,204,228
266,W,279,214
98,S,180,86
288,P,240,178
273,Z,297,131
170,N,251,294
263,G,22,284
201,V,213,292
69,B,140,205
242,F,265,256
145,H,240,242
289,I,161,247
11,I,193,180
46,V,11,118
142,B,215,195
84,X,179,256
194,P,149,146
70,D,80,281
22,D,258,166
41,G,42,205
158,V,295,77
3,X,95,251
246,Z,98,223
140,P,269,40
141,Z,51,7
145,W,235,119
200,B,219,118
124,X,84,55
76,N,270,108
260,F,90,90
154,R,79,197
127,K,163,16
173,Y,236,277
108,A,4,163
264,J,212,55
71,E,236,23
266,A,230,103
102,W,258,112
180,M,64,222
299,R,81,196
135,F,25,212
219,W,43,41
18,B,196,11
125,P,113,164
114,U,124,41
80,W,131,286
101,J,105,259
19,Q,223,195
215,R,46,11
16,A,94,235
23,I,65,92
149,H,297,81
38,D,21,29
97,M,155,112
111,G,251,99
102,B,201,21
128,O,29,252
34,C,53,252
95,L,206,59
286,Z,101,86
221,G,27,81
260,E,215,130
215,G,242,52
153,K,27,137
6,J,73,146
25,D,38,121
127,S,119,245
217,H,224,112
225,I,117,198
107,G,172,258
199,T,25,171
289,M,78,66
249,V,82,6
231,Q,18,282
110,G,30,292
121,N,205,201
119,Y,245,76
108,O,270,77
62,K,229,135
64,U,227,240
122,C,239,41
273,A,44,167
256,X,70,294
109,C,17,43
114,I,66,72
126,E,127,6
274,N,99,179
25,R,167,34
146,Y,139,211
7,E,48,106
56,Q,223,30
209,E,183,272
20,F,193,172
193,C,167,27
272,G,96,275
109,A,212,151
182,I,272,226
109,D,157,229
179,V,273,70
23,O,90,272
227,P,222,153
116,J,190,62
182,C,292,77
176,Z,154,86
91,C,153,52
124,A,16,27
149,A,249,92
30,C,35,28
185,D,211,263
253,O,0,153
192,S,219,296
201,G,154,123
126,Q,2,197
162,H,151,4
153,D,63,87
190,J,254,153
300,T,105,96
273,J,108,173
300,E,260,120
170,Z,223,66
106,O,95,165
192,O,112,271
195,Q,171,101
132,H,269,277
166,K,255,81
149,H,277,90
51,J,100,201
95,P,287,250
93,R,222,90
300,Z,158,243
245,Q,18,131
45,W,299,229
104,U,172,234
249,Q,289,273
75,S,79,129
64,J,182,85
113,D,19,193
143,K,265,294
66,V,288,265
112,R,213,117
158,Q,279,247
204,K,246,212
263,Q,121,159
70,M,2,54
241,J,49,72
124,Z,130,236
191,H,242,178
53,U,294,17
258,X,133,208
249,W,297,11
89,L,230,16
76,P,242,240
280,O,23,8
248,G,166,238
5,L,36,85
32,A,272,168
133,G,170,271
299,B,93,46
287,U,16,107
20,M,222,127
184,H,70,81
77,X,103,291
52,O,284,289
19,C,45,57
155,Q,82,248
239,K,147,201
16,D,81,246
193,V,80,138
18,F,41,274
67,K,50,0
201,B,253,96
48,Z,120,273
196,G,29,260
210,W,23,93
105,E,233,6
162,W,66,70
71,I,70,212
99,Q,162,160
226,S,38,144
10,C,2,209
202,L,70,277
184,U,115,25
73,Y,43,30
263,I,45,55
265,S,186,75
67,B,284,207
26,W,224,197
199,V,180,130
191,B,90,161
123,Z,179,263
291,Z,194,82
260,C,79,297
260,I,71,179
42,M,271,53
152,F,94,253
5,N,244,102
74,Z,98,84
230,U,238,245
57,U,300,221
189,T,158,191
121,K,269,211
28,I,139,8
20,H,292,187
223,W,76,192
193,U,243,37
249,N,213,208
1,U,61,147
54,P,114,297
185,I,179,53
84,U,42,270
44,J,263,44
289,Q,118,244
16,U,37,17
264,M,256,154
18,O,200,272
279,W,208,199
228,J,25,200
269,Q,199,14
159,I,122,80
235,R,249,111
165,L,188,299
19,E,105,163
243,A,179,178
50,D,41,220
298,Q,7,278
263,D,148,280
260,P,168,79
191,O,215,61
111,E,191,189
91,O,288,252
288,R,300,141
37,L,31,146
12,Z,265,28
108,I,44,131
282,I,288,124
122,W,25,227
62,X,171,194
66,U,90,276
136,H,133,61
40,G,198,176
71,Y,82,63
280,M,56,263
65,A,232,226
109,H,18,46
193,C,208,156
69,E,279,232
135,O,180,226
276,K,68,280
26,S,273,193
243,A,267,0
50,I,268,101
32,F,77,222
13,D,129,156
33,N,149,8
61,N,273,162
203,W,171,77
262,W,50,297
27,X,7,222
288,I,74,291
61,G,125,254
235,D,298,194
216,H,283,177
217,W,270,177
65,B,142,173
66,M,203,27
23,J,248,78
49,L,146,218
119,R,49,99
241,P,228,290
150,D,205,192
158,I,100,187
299,V,20,180
89,Y,117,264
169,H,300,272
107,P,46,86
282,R,60,287
2,V,49,122
150,J,225,88
127,D,9,53
116,X,51,272
32,O,80,263
232,P,82,129
87,S,255,16
292,P,273,66
140,R,190,64
59,I,248,109
258,J,280,116
208,F,224,163
133,J,240,161
259,R,9,250
228,J,127,262
213,F,61,231
54,E,238,200
299,H,186,106
150,L,48,248
181,T,189,75
49,W,33,275
218,X,182,56
177,R,52,149
97,U,252,67
97,F,128,143
143,X,180,110
45,D,280,285
203,P,277,33
246,T,171,75
50,B,236,98
77,X,118,66
3,K,5,151
169,C,134,55
257,K,164,190
194,L,252,162
56,Y,11,256
292,P,150,101
243,T,83,283
210,X,51,7
78,B,20,288
283,B,124,0
69,T,103,14
70,S,182,128
293,B,146,251
122,M,48,138
110,X,114,67
271,X,254,266
40,Y,192,187
75,A,207,25
88,J,38,143
189,J,43,272
16,F,133,140
296,U,231,164
139,Q,36,222
169,H,261,189
288,H,266,294
11,W,279,27
23,L,257,275
18,N,294,96
298,C,72,110
149,U,80,17
287,S,204,135
189,J,257,177
78,T,49,53
287,Q,90,71
50,U,149,68
93,P,64,183
86,D,196,15
266,W,34,251
135,D,300,56
154,Q,86,258
76,M,266,130
18,C,130,58
281,G,47,113
196,O,173,96
168,Q,203,296
63,Q,197,245
28,E,128,238
81,Y,146,278
5,W,300,143
192,N,215,176
78,M,265,189
127,D,88,189
204,U,22,40
143,Q,158,13
123,K,196,7
41,D,159,255
267,S,279,63
45,O,265,276
183,W,2,191
211,T,73,80
110,R,258,35
111,Q,99,285
11,B,247,59
83,A,209,117
211,B,152,187
146,J,294,261
225,E,147,127
109,O,109,265
144,I,52,193
79,I,63,152
260,U,129,271
236,T,14,199
277,Z,276,68
295,C,266,22
46,U,84,248
242,S,145,160
70,X,6,41
4,E,68,159
29,P,111,144
6,X,270,2
194,V,181,77
28,W,292,206
221,Z,53,63
44,D,127,23
289,S,169,26
31,D,295,81
216,P,168,31
67,M,166,277
98,L,285,127
163,K,146,189
271,Q,104,257
125,H,81,190
76,H,136,191
262,S,154,61
236,P,83,39
231,O,213,28
142,P,239,234
36,Z,188,36
254,O,273,5
54,I,103,198
2,T,235,213
296,K,121,92
186,D,268,226
249,Q,231,21
246,S,71,30
47,E,269,270
80,C,270,237
17,A,165,50
137,J,9,149
62,O,51,101
171,X,293,41
246,P,34,251
123,V,102,163
220,A,94,205
78,P,265,10
215,G,208,121
93,N,265,181
282,B,6,95
157,V,178,73
276,Q,104,187
38,Q,98,133
67,G,81,226
240,J,80,257
30,E,97,72
37,V,125,138
233,Z,245,94
240,A,264,283
33,I,190,100
286,Q,139,18
65,G,85,189
100,P,285,64
170,U,263,113
81,J,241,277
263,T,41,11
257,Y,76,34
264,D,124,72
248,I,232,48
225,G,6,212
70,D,106,92
143,M,217,74
162,H,236,2
4,W,73,265
193,L,205,3
62,I,54,228
189,B,274,73
175,M,150,245
125,E,16,36
53,H,93,82
90,W,18,132
286,L,195,280
144,M,241,193
152,W,42,168
265,W,290,297
149,G,163,183
227,P,146,177
168,L,49,154
26,D,51,120
267,P,38,296
260,E,132,95
28,D,6,278
160,K,201,218
259,P,149,31
132,X,262,20
135,R,214,270
172,A,10,14
290,D,224,1
61,D,123,28
1,O,144,72
156,Q,78,40
273,W,11,220
205,B,157,143
254,W,265,22
211,O,289,219
119,X,277,77
288,B,249,37
170,C,222,140
111,J,69,185
56,Q,147,197
165,M,136,82
191,K,24,98
216,M,171,86
248,H,158,214
4,M,58,222
223,D,221,104
51,Z,161,114
180,O,136,223
161,S,68,166
127,K,128,194
174,K,60,267
29,F,243,215
259,F,60,41
101,Z,197,275
139,C,210,241
270,V,172,95
55,Y,28,265
154,K,91,98
266,B,134,198
286,F,242,255
44,B,172,171
290,W,209,145
63,O,248,1
251,J,97,144
295,K,124,121
202,O,71,53
181,H,294,162
175,Q,113,246
132,X,102,79
166,X,140,284
16,L,122,91
21,L,62,50
175,D,26,193
223,T,236,170
246,K,32,239
103,M,62,226
288,R,259,44
109,Q,296,71
30,Y,58,60
151,Z,171,253
168,I,58,39
24,Z,282,1
234,R,42,206
63,D,278,42
294,X,105,252
33,D,293,97
41,I,77,271
275,G,178,198
116,F,16,187
290,W,279,138
20,H,79,93
238,U,280,41
19,X,37,46
101,N,273,193
203,B,19,127
91,N,66,135
127,N,71,15
106,I,61,84
129,Q,264,268
3,C,127,203
95,E,209,122
242,A,173,22
158,K,178,196
113,A,141,43
205,T,249,158
71,M,171,83
29,J,233,91
168,Q,155,0
200,Z,192,291
62,Z,297,12
3,P,141,232
21,U,29,163
242,D,149,229
215,C,219,234
192,Y,123,121
169,D,117,223
209,W,35,81
61,X,70,268
115,G,27,144
104,N,157,249
252,T,271,110
50,U,85,243
153,P,77,187
255,V,271,2
295,T,115,82
185,R,21,230
293,L,100,245
3,F,254,39
18,A,77,237
252,R,235,259
284,Q,298,184
244,J,139,254
136,H,231,188
30,K,195,201
188,F,24,105
288,C,244,71
224,B,92,297
24,G,85,171
213,H,180,104
261,N,140,180
244,R,11,281
236,B,157,198
176,N,66,174
267,B,299,235
87,Z,289,207
177,M,211,215
199,P,54,106
228,X,59,139
234,I,146,187
73,C,27,24
44,R,178,7
62,F,18,93
69,C,245,235
154,K,82,283
11,J,164,146
268,U,133,271
135,M,6,45
109,F,158,261
261,L,160,103
170,H,157,99
214,F,260,81
236,Y,278,38
48,K,134,95
126,K,219,79
223,J,203,171
286,Y,35,238
258,R,55,178
111,D,275,141
69,V,25,187
252,W,228,126
101,W,167,132
147,B,292,156
203,K,139,228
155,T,228,295
298,D,144,97
21,X,65,35
245,M,167,222
102,N,293,152
18,E,102,299
178,D,201,188
169,L,50,249
179,I,147,102
98,U,232,13
281,Q,129,62
181,U,285,289
236,M,106,176
263,C,125,299
268,X,291,108
141,X,119,94
208,Y,288,155
230,D,280,91
73,H,271,76
178,R,195,3
89,S,256,150
128,E,92,94
136,B,41,255
270,E,282,84
129,O,78,58
224,C,174,272
257,M,54,128
236,P,26,243
230,D,166,228
8,C,44,23
77,X,94,70
235,X,182,277
174,U,172,200
41,Q,281,38
93,S,284,21
262,I,145,285
121,W,97,174
195,H,5,203
84,G,103,35
142,G,259,266
151,Z,223,184
197,D,206,178
144,Y,251,32
223,A,291,17
212,E,65,298
146,O,79,108
258,G,97,196
168,Q,272,126
42,L,116,193
12,C,30,152
37,S,69,159
114,J,288,73
247,V,253,56
68,W,233,291
4,U,53,177
195,F,77,265
251,U,161,8
230,A,221,44
79,K,219,16
179,T,86,136
30,Q,58,5
240,M,81,248
120,O,263,4
119,P,198,71
128,I,170,226
65,Z,209,204
24,Y,21,107
65,Q,153,154
48,T,27,14
96,R,139,185
199,O,101,293
20,O,27,201
1,A,285,53
297,Q,195,54
1,W,143,59
96,S,227,65
64,T,203,256
291,M,159,279
219,L,134,292
201,P,281,204
60,G,50,166
42,K,75,292
285,Y,243,40
104,P,230,233
186,V,292,185
167,X,55,186
6,Y,61,75
73,F,218,10
6,A,220,262
153,O,113,227
98,P,46,86
253,E,81,58
239,S,298,20
126,U,23,37
135,H,167,273
246,Q,44,237
124,B,200,135
97,I,195,229
222,E,252,69
5,B,242,62
151,S,52,92
177,M,286,29
101,C,224,275
81,A,94,270
169,H,113,194
232,H,39,254
256,V,253,198
294,Z,116,84
250,K,198,211
39,A,108,284
115,U,295,236
253,P,80,205
250,Y,274,114
193,I,243,89
272,U,166,23
11,K,174,59
141,T,214,150
162,K,131,0
45,V,161,297
167,D,29,68
195,N,258,182
271,Z,53,67
74,X,209,99
285,I,51,291
185,W,6,57
92,K,266,72
132,Q,265,133
213,M,200,63
181,L,8,48
246,Z,3,104
49,J,173,38
25,D,245,137
12,D,286,236
248,A,77,261
295,L,208,5
231,N,281,145
68,Z,164,125
15,U,140,21
169,D,241,5
13,C,32,158
19,P,226,26
135,T,294,50
131,B,221,245
199,S,222,221
160,P,191,295
122,J,142,140
221,X,72,231
21,U,258,176
167,U,92,55
57,D,70,5
227,P,191,11
244,I,68,168
136,W,104,52
72,F,7,111
185,V,206,296
56,X,189,43
230,I,282,46
67,R,231,121
192,N,294,163
24,Q,174,253
196,Y,226,154
267,G,292,17
27,G,170,210
235,O,278,10
193,R,109,205
188,H,158,190
79,H,188,127
288,S,34,262
213,K,85,110
108,M,293,135
1,C,28,46
213,T,239,228
168,T,1,99
152,D,234,54
285,L,73,246
285,V,248,277
39,K,46,216
108,T,86,23
197,Z,148,257
129,I,245,27
291,E,235,70
61,O,154,228
175,J,261,220
53,W,227,139
95,F,280,189
187,Q,38,64
158,U,205,273
25,W,288,115
280,Q,30,35
233,V,210,223
222,Y,139,199
83,J,79,56
211,F,113,213
32,I,288,131
216,C,161,14
38,Q,170,154
144,I,254,45
287,U,198,297
86,J,70,104
95,G,184,182
88,G,143,298
234,F,111,68
70,G,218,51
263,F,89,258
222,V,171,89
11,S,27,167
152,L,290,222
30,V,196,158
87,W,227,163
298,Y,138,255
174,B,259,94
127,C,53,252
195,Q,161,162
212,B,55,185
9,X,71,296
189,Q,48,257
207,Z,142,106
163,J,13,209
134,C,243,187
100,H,84,270
190,B,105,40
181,Z,224,275
11,Z,151,89
245,K,238,71
224,O,236,243
193,B,83,139
36,Z,116,122
1,K,111,92
215,E,73,72
298,D,94,99
111,V,237,188
198,U,235,71
13,G,245,28
258,Z,124,297
38,T,18,207
281,U,275,115
48,I,10,47
116,A,72,41
189,R,15,109
9,T,277,5
29,U,251,220
269,U,92,223
201,A,14,37
265,Z,149,99
256,V,154,79
244,L,151,145
247,G,205,74
218,V,116,13
181,M,87,220
262,H,217,237
261,O,265,21
299,R,275,37
204,R,282,254
169,S,220,255
257,R,183,286
254,D,21,202
150,Z,116,120
162,L,7,23
53,U,281,182
78,P,11,2
139,B,300,287
71,Z,176,132
226,X,177,1
9,V,196,48
109,G,36,179
245,D,51,25
67,W,47,97
70,D,261,146
76,T,45,210
187,H,202,77
112,Y,212,128
103,J,117,166
130,L,193,108
179,Z,236,169
197,O,107,216
92,I,209,151
291,H,74,291
264,Q,223,68
174,P,270,87
167,G,264,153
151,R,259,20
23,L,150,277
104,B,209,192
11,F,268,249
60,E,255,209
257,X,121,14
10,J,140,36
104,D,256,130
110,A,143,234
291,D,188,199
61,S,104,21
74,Q,174,72
292,C,65,84
249,Y,207,88
266,C,287,126
204,G,47,236
266,W,293,203
66,Z,271,85
60,X,213,290
270,H,131,141
222,P,62,277
157,A,296,60
15,R,38,220
300,F,220,15
209,N,21,91
214,C,29,90
55,T,213,136
288,V,34,286
70,X,264,286
257,D,244,5
182,Y,37,117
94,N,285,42
210,T,34,176
237,C,254,213
130,O,182,46
55,E,232,38
272,R,154,261
48,S,212,19
295,S,179,204
156,X,223,200
196,R,17,245
13,L,77,94
133,U,216,60
12,L,276,58
80,G,154,5
108,T,300,291
111,R,154,173
156,P,77,215
210,O,246,217
177,O,274,280
176,Y,296,118
218,Z,179,16
164,O,225,155
48,V,233,208
99,S,71,281
279,C,263,114
190,W,196,46
37,E,226,223
215,S,277,56
49,K,280,206
277,P,231,259
150,X,59,75
187,M,41,135
262,K,250,256
29,O,60,129
54,L,63,243
255,A,48,20
275,A,284,140
170,W,110,1
256,G,270,202
70,E,58,62
16,O,119,213
47,U,240,65
63,N,93,40
282,X,230,138
158,K,247,240
150,Q,217,194
76,S,218,10
280,T,300,112
96,J,79,271
14,B,73,96
89,A,221,251
290,A,30,57
270,N,84,18
269,C,128,223
240,U,92,287
70,C,107,67
68,N,37,104
129,P,101,188
177,B,57,134
147,U,283,152
81,Z,191,297
254,L,248,81
245,C,76,234
276,D,184,102
89,I,258,73
100,F,188,55
175,K,281,190
159,A,81,154
236,Y,157,196
227,Z,184,66
244,W,138,179
30,M,92,215
297,U,261,131
42,B,113,288
60,P,242,187
122,V,6,199
14,Z,221,241
159,C,37,296
127,Z,92,157
199,E,225,181
83,Z,2,224
86,G,234,203
253,X,35,254
8,T,251,20
192,X,228,88
225,S,111,46
84,X,105,87
98,O,295,135
20,G,191,263
213,P,244,14
50,D,242,196
120,A,166,49
78,P,49,99
41,U,225,21
113,Y,239,46
263,S,102,200
176,B,158,158
210,E,253,270
105,M,79,283
108,N,13,268
299,K,66,100
184,O,213,222
67,E,108,151
42,U,100,17
91,P,171,163
108,W,218,35
156,P,45,297
84,K,6,56
266,X,101,276
28,V,54,255
167,H,37,107
287,O,183,247
194,A,80,38
257,N,147,95
296,V,217,126
122,E,204,132
244,G,15,57
159,K,21,72
267,Q,256,145
269,C,192,257
200,N,51,280
59,Z,94,184
208,H,164,133
231,Z,134,240
185,N,290,87
199,Q,23,74
23,G,102,277
157,Y,286,167
19,O,216,282
69,Q,226,152
268,G,202,135
67,Q,207,171
99,A,227,235
278,X,280,160
154,N,50,190
235,C,242,0
200,D,105,218
164,Q,71,74
57,P,149,188
123,F,166,161
63,R,188,114
300,S,44,163
83,D,206,186
45,Z,46,85
191,P,10,246
100,B,63,90
187,X,170,106
2,L,265,74
87,X,25,60
300,D,155,219
173,Y,256,100
134,I,175,121
139,X,249,242
209,G,24,262
118,G,252,157
95,Q,127,248
273,N,116,34
119,D,157,282
115,E,13,225
177,M,38,201
201,D,128,29
267,N,229,109
191,U,59,90
180,C,179,194
299,N,210,74
195,A,243,234
153,K,22,299
98,I,236,260
267,T,149,255
77,Y,272,237
229,K,233,61
245,N,145,188
27,H,215,222
235,D,114,260
241,L,2,258
258,D,200,125
249,E,89,183
242,W,191,125
9,X,285,124
126,Y,66,168
169,P,132,30
120,K,91,204
232,G,82,226
47,P,168,233
42,H,164,286
168,Y,91,73
177,V,299,195
171,X,246,83
7,G,34,115
232,S,129,169
192,R,18,99
134,L,7,235
80,J,268,87
223,Z,216,154
115,N,235,188
33,W,112,182
18,K,193,203
26,W,195,258
76,I,284,283
155,T,102,67
145,R,35,209
19,R,229,174
288,X,226,183
66,H,86,139
214,Y,145,271
246,J,35,28
8,K,157,181
249,F,34,105
121,Y,23,170
250,J,209,11
165,U,139,41
165,J,68,77
42,C,155,145
154,X,82,151
79,N,42,152
146,Z,150,39
246,L,200,225
103,L,52,4
130,J,67,195
186,H,209,292
109,P,254,0
296,Z,275,101
292,F,8,130
131,T,106,78
231,A,147,103
207,J,243,99
173,N,260,6
147,S,187,123
164,E,33,33
42,N,110,290
160,P,213,106
146,J,138,201
156,B,108,213
57,B,77,252
220,O,9,140
60,J,164,213
31,E,261,222
14,W,94,231
209,O,290,100
31,G,273,223
199,T,54,74
104,L,79,184
265,T,205,99
108,E,117,205
254,R,285,161
90,Z,145,131
197,O,194,155
83,R,132,59
54,A,280,86
254,A,139,220
124,N,109,155
54,S,65,133
16,E,11,143
109,T,224,137
158,Q,128,84
290,V,138,82
2,S,286,13
168,M,256,96
125,J,184,293
240,J,182,67
241,W,220,42
133,V,300,127
157,G,147,16
188,U,91,287
192,H,142,218
55,D,60,195
32,P,175,10
240,G,274,64
186,Z,55,152
70,O,224,98
59,D,238,212
5,L,148,7
22,Q,182,142
71,N,249,131
250,R,85,231
282,S,48,112
140,L,54,179
164,K,215,175
226,H,277,235
299,J,59,299
181,Z,39,130
15,J,201,45
181,V,5,36
117,T,205,188
214,G,225,34
88,B,122,188
192,D,215,209
254,S,20,231
211,I,74,279
49,T,251,200
169,W,0,295
85,H,21,105
97,B,63,184
187,V,55,234
6,Z,55,20
100,Q,76,55
101,L,292,90
300,D,217,15
141,B,297,71
184,G,207,64
42,J,6,216
104,K,125,2
233,V,198,281
17,E,258,104
289,V,294,295
191,B,218,276
95,S,6,22
281,I,279,215
29,X,254,284
51,V,176,242
141,J,19,150
3,A,106,177
268,O,86,180
145,X,297,237
269,S,179,216
30,M,263,234
260,C,164,77
173,C,252,294
231,M,3,0
225,E,233,240
43,N,100,182
124,P,295,171
147,C,284,227
170,K,249,251
14,V,222,189
101,D,278,46
244,A,129,281
219,M,153,213
225,L,115,25
243,G,57,186
10,S,62,72
257,C,32,12
119,U,26,134
184,S,52,87
118,E,27,103
36,I,121,283
47,U,222,186
14,X,3,85
174,K,220,72
199,K,192,159
65,K,229,8
276,M,11,198
265,M,225,135
258,T,249,206
253,I,61,188
60,D,225,267
228,I,97,139
137,B,137,61
75,K,171,103
146,S,99,166
93,K,234,117
233,E,42,244
299,D,160,191
4,B,33,98
238,F,181,22
262,K,200,42
278,G,42,257
120,X,264,264
153,B,68,43
98,I,224,189
157,E,160,53
277,X,244,153
107,V,108,244
121,K,195,120
72,I,285,107
186,M,231,94
237,O,52,264
272,M,45,192
113,J,107,13
161,Y,126,163
174,I,49,61
85,A,185,0
113,H,267,155
119,O,63,169
260,K,56,139
82,U,94,112
175,Z,79,26
289,V,121,206
139,B,163,155
100,N,128,147
173,G,54,87
126,G,201,59
261,K,117,216
143,S,223,169
214,K,267,96
57,E,283,290
300,Z,48,50
125,Z,13,100
29,Y,152,44
76,X,8,195
186,Q,12,235
171,W,115,295
292,C,137,93
299,X,105,158
95,U,295,270
162,W,258,26
294,M,127,224
221,P,264,265
176,B,209,0
164,I,239,41
70,P,44,4
4,V,147,102
234,D,153,52
36,T,258,291
232,W,239,71
57,P,165,38
52,J,102,47
192,P,246,275
27,T,250,114
299,Y,162,149
240,X,99,10
138,L,61,201
187,V,163,149
118,J,299,82
90,V,278,96
269,W,85,72
285,G,152,273
193,R,29,117
73,E,83,123
22,F,111,143
287,M,125,179
293,X,182,105
195,U,178,117
243,D,202,255
191,F,279,117
136,K,242,41
186,R,131,237
184,C,287,26
75,I,46,87
181,Q,29,18
43,G,10,19
63,J,210,281
62,J,98,218
172,R,276,161
262,J,124,102
98,C,84,218
37,I,175,127
69,I,51,176
28,B,247,265
232,X,129,300
82,P,189,194
10,Q,170,286
133,J,73,71
5,J,234,195
46,I,106,50
144,B,216,265
248,D,278,125
80,A,86,14
270,G,138,275
160,A,28,80
40,W,92,103
101,C,253,100
220,U,68,118
71,D,101,156
197,A,0,120
30,D,206,83
250,Q,38,7
282,W,100,106
160,C,16,179
241,H,1,189
114,N,259,107
29,L,38,116
39,Q,161,160
178,X,127,285
135,O,43,163
148,I,266,237
163,M,166,76
41,A,296,166
27,T,104,141
216,D,265,86
63,N,17,248
236,X,262,174
18,Z,79,108
229,Q,8,101
280,T,300,178
180,M,257,195
252,W,242,175
84,T,237,92
97,Z,276,77
202,Y,124,54
300,Q,64,272
89,D,170,31
297,D,218,41
211,W,173,134
57,U,111,264
245,O,91,230
266,F,17,200
57,Z,103,219
74,B,43,139
90,K,34,31
146,S,145,142
60,H,42,285
244,N,79,120
287,Y,237,152
97,L,178,168
295,C,240,158
3,O,117,280
199,M,241,40
186,E,198,208
55,N,232,242
267,A,250,198
186,K,77,211
250,P,292,173
146,C,255,247
31,N,39,76
88,L,49,161
30,A,211,168
280,T,30,40
177,Y,31,125
177,M,30,88
198,H,161,172
164,O,98,186
283,E,211,199
35,B,281,8
135,V,40,219
1,H,83,16
78,Q,243,180
139,F,35,120
229,D,190,144
263,X,181,28
283,P,70,194
165,X,175,40
192,Z,61,80
172,I,199,282
53,C,215,7
51,Z,240,101
23,A,244,110
170,N,224,142
190,T,248,157
57,V,114,86
10,G,60,85
254,B,129,255
159,V,147,88
226,Z,173,267
197,H,168,167
66,N,229,192
230,R,121,160
288,H,29,83
1,T,251,210
284,C,60,282
228,J,28,64
60,R,141,1
81,X,108,21
278,E,77,129
232,D,18,170
152,O,91,77
122,W,62,14
245,A,261,181
9,I,285,277
234,E,269,208
274,W,132,174
55,Y,56,19
259,G,261,14
8,E,199,105
269,B,218,42
298,D,20,75
271,F,185,38
178,E,12,13
111,P,283,18
52,C,148,277
103,S,290,188
53,N,13,135
122,T,6,262
160,M,250,205
141,Z,53,55
58,P,17,108
171,D,129,15
51,U,275,271
12,U,91,71
193,N,52,131
126,T,244,103
175,T,286,112
235,C,287,88
109,D,237,86
176,V,287,97
198,G,257,46
53,F,267,244
18,W,6,297
86,J,136,226
238,E,72,35
254,Q,51,121
258,X,232,110
223,U,100,144
166,I,189,133
156,I,130,249
204,G,169,120
117,I,227,118
36,I,174,276
114,W,8,248
53,B,114,248
206,Z,189,33
86,P,92,96
30,N,134,140
75,F,32,71
142,N,137,42
48,P,239,243
63,A,176,108
175,M,27,257
53,J,214,150
223,X,264,51
157,N,40,179
58,D,151,193
43,G,196,117
230,K,280,185
56,J,109,300
149,V,4,5
21,L,287,256
300,M,167,284
221,A,275,71
249,J,128,114
254,Q,187,45
31,S,46,141
188,C,201,26
256,M,200,9
186,A,267,283
158,J,48,68
22,P,112,26
17,T,266,146
103,G,165,48
195,R,276,11
11,O,132,99
285,N,204,67
220,J,57,49
221,W,269,226
175,V,60,21
187,E,118,65
12,I,131,287
119,O,78,43
241,V,269,214
47,G,261,175
199,G,288,52
23,T,114,299
175,W,156,156
30,N,216,281
226,N,281,128
32,X,164,253
244,B,177,5
227,Q,237,202
70,E,42,207
7,Y,131,99
273,F,261,299
75,A,236,136
288,C,93,61
99,E,111,256
56,N,188,297
292,G,194,221
113,U,153,204
64,I,132,180
96,L,35,175
173,R,197,110
116,Y,203,149
264,W,298,78
277,S,264,127
255,S,75,125
50,T,29,280
94,N,4,72
284,N,7,43
223,G,238,234
40,Q,51,65
259,E,4,1
127,V,98,53
143,P,214,50
60,D,187,255
202,T,188,59
244,E,101,217
110,Z,101,88
123,C,108,94
190,F,294,239
26,F,87,295
106,K,102,98
252,E,64,148
140,I,290,194
112,Q,189,134
40,U,290,281
227,X,220,281
19,M,289,82
280,B,10,89
87,L,238,262
46,T,169,56
278,T,269,89
99,L,113,98
29,O,294,229
61,N,140,52
293,K,154,96
127,B,53,187
229,R,253,67
144,D,198,113
95,H,165,34
229,B,112,7
150,Y,48,254
258,Y,240,150
69,Z,116,251
171,I,284,228
189,Y,116,40
278,D,58,274
96,Q,217,173
255,K,266,31
32,O,30,2
35,R,92,84
291,O,128,297
186,L,260,71
69,W,8,241
233,Z,43,12
50,D,74,231
4,G,32,228
258,U,258,259
65,E,16,215
203,D,108,260
147,D,168,234
295,T,76,269
268,W,17,181
69,R,250,229
247,N,5,162
273,O,290,199
269,Y,58,16
177,O,54,241
6,A,152,184
287,S,50,252
195,E,68,202
2,H,97,136
212,V,79,72
73,H,78,263
277,T,193,182
197,E,199,145
15,S,272,170
165,M,266,119
49,T,60,58
26,S,215,287
59,P,285,85
216,J,56,1
104,X,264,163
251,M,196,285
70,U,160,277
167,V,152,295
139,N,139,137
75,A,17,283
126,T,173,296
147,L,163,65
5,S,32,246
59,N,254,219
90,X,14,158
263,I,208,1
181,N,129,12
26,X,181,244
123,B,159,280
215,J,115,11
205,O,181,85
218,Q,292,153
221,E,101,64
12,P,220,28
13,W,186,5
38,V,270,40
46,B,55,200
128,V,196,245
86,H,264,300
103,R,186,168
6,K,247,42
278,J,108,276
249,A,299,153
151,O,7,27
61,U,226,247
154,G,195,120
87,Z,275,253
104,B,61,164
188,K,234,90
218,F,111,150
256,C,194,172
156,E,265,128
149,I,243,127
267,K,198,51
299,B,87,37
239,K,129,103
116,Y,238,123
7,T,76,19
212,O,189,18
82,Q,218,198
35,I,133,21
72,U,23,101
95,G,204,95
185,B,11,229
114,G,182,46
222,D,115,137
208,D,143,11
255,R,266,177
120,C,225,82
6,X,212,133
215,S,259,102
255,T,156,240
112,J,158,222
155,X,300,264
281,E,12,234
3,C,256,35
74,A,47,253
22,J,52,55
3,J,286,217
277,A,153,48
184,J,290,271
132,W,180,166
55,Q,28,179
220,L,116,249
173,G,62,151
222,C,120,35
274,V,288,19
285,L,259,16
84,L,196,187
233,N,66,144
100,C,116,9
214,H,220,214
8,U,158,261
250,A,174,141
293,H,11,268
25,U,240,257
151,I,94,170
243,J,299,215
287,F,47,172
119,G,38,77
244,E,279,6
117,W,166,75
55,W,114,65
42,L,17,244
38,U,221,88
166,L,60,131
109,D,293,74
169,G,158,32
66,P,288,26
142,A,252,84
220,Q,10,139
35,L,47,90
48,L,254,272
60,V,259,250
96,I,111,264
96,Y,17,70
199,W,141,298
151,B,254,235
152,J,226,12
11,W,89,20
63,O,77,263
250,Y,144,98
124,C,272,5
54,Q,215,134
167,K,247,108
20,O,42,91
51,U,211,174
227,X,121,81
149,P,163,80
250,R,109,180
245,A,64,289
42,B,261,300
189,H,153,82
195,B,0,286
65,B,91,246
48,W,274,130
3,Q,10,126
80,H,66,263
167,Q,82,133
200,U,158,214
259,T,102,182
208,R,108,87
61,R,163,74
0,C,248,82
178,M,98,190
237,W,182,196
166,P,161,0
191,E,147,186
18,T,293,24
181,Y,179,134
44,Z,100,5
258,X,149,271
149,N,101,138
268,J,55,106
58,J,221,149
40,K,273,239
9,P,270,12
51,P,35,262
117,L,60,275
149,Q,266,27
178,T,125,161
7,P,58,22
16,N,116,6
100,W,264,207
2,P,185,228
271,B,195,223
122,I,191,33
246,W,112,295
171,V,102,18
224,I,197,255
198,M,241,110
232,W,151,274
0,C,44,17
203,S,213,241
2,N,7,296
89,W,289,155
